﻿<?xml version="1.0" encoding="utf-8"?>
<doc>
  <assembly>
    <name>Microsoft.AspNet.FriendlyUrls</name>
  </assembly>
  <members>
    <member name="T:Microsoft.AspNet.FriendlyUrls.FriendlyUrl"></member>
    <member name="M:Microsoft.AspNet.FriendlyUrls.FriendlyUrl.Href(System.String,System.Object[])"></member>
    <member name="M:Microsoft.AspNet.FriendlyUrls.FriendlyUrl.Resolve(System.String)">
      <summary> Kayıtlı çözümleyicileri kullanarak bir dosya işleyicisi sanal yolunu kolay bir URL'ye çözümler. </summary>
      <returns>Kolay URL.</returns>
      <param name="virtualPath">İşleyici sanal yolu.</param>
    </member>
    <member name="P:Microsoft.AspNet.FriendlyUrls.FriendlyUrl.Segments">
      <summary> Kolay URL'ler bu isteği bir dosyayla eşleştirdikten sonra kalan URL kesimleri. </summary>
    </member>
    <member name="T:Microsoft.AspNet.FriendlyUrls.FriendlyUrlSettings">
      <summary>Kolay URL'ler etkinleştirilirken kullanılan ayarları gösterir.</summary>
    </member>
    <member name="M:Microsoft.AspNet.FriendlyUrls.FriendlyUrlSettings.#ctor">
      <summary>FriendlyUrlSettings sınıfının yeni bir örneğini varsayılan değerlerle oluşturur.</summary>
    </member>
    <member name="P:Microsoft.AspNet.FriendlyUrls.FriendlyUrlSettings.AutoRedirectMode">
      <summary>Kolay olmayan URL'leri kolay URL'lere yeniden yönlendirmenin türü. Varsayılan olara Kapalı'dır.</summary>
    </member>
    <member name="P:Microsoft.AspNet.FriendlyUrls.FriendlyUrlSettings.ResolverCachingMode"></member>
    <member name="P:Microsoft.AspNet.FriendlyUrls.FriendlyUrlSettings.SwitchViewRouteName">
      <summary>Görünüm değiştirmek için kullanıcı isteklerini işleyen rotanın adı. Varsayılan olarak "AspNet.FriendlyUrls.SwitchView" kullanılır.</summary>
    </member>
    <member name="P:Microsoft.AspNet.FriendlyUrls.FriendlyUrlSettings.SwitchViewUrl">
      <summary>Görünüm değiştirme isteğinin gönderildiği URL. Varsayılan olarak "__FriendlyUrls_SwitchView/{view}" kullanılır.</summary>
    </member>
    <member name="T:Microsoft.AspNet.FriendlyUrls.HttpRequestExtensions">
      <summary>Kolay URL'lerle çalışmak için uzatma yöntemleri sağlar.</summary>
    </member>
    <member name="M:Microsoft.AspNet.FriendlyUrls.HttpRequestExtensions.GetFriendlyUrlFileExtension(System.Web.HttpRequest)">
      <summary> Kolay URL'lerin bu isteği eşleştirdiği dosyanın uzantısını verir. </summary>
      <returns>Dosya uzantısı, örneğin .aspx.</returns>
      <param name="httpRequest">HttpRequest nesnesi.</param>
    </member>
    <member name="M:Microsoft.AspNet.FriendlyUrls.HttpRequestExtensions.GetFriendlyUrlFileExtension(System.Web.HttpRequestBase)">
      <summary> Kolay URL'lerin bu isteği eşleştirdiği dosyanın uzantısını verir. </summary>
      <returns>Dosya uzantısı, örneğin .aspx.</returns>
      <param name="httpRequest">HttpRequestBase nesnesi.</param>
    </member>
    <member name="M:Microsoft.AspNet.FriendlyUrls.HttpRequestExtensions.GetFriendlyUrlFileVirtualPath(System.Web.HttpRequest)">
      <summary> Kolay URL'lerin bu isteği eşleştirdiği dosyanın sanal yolunu verir. </summary>
      <returns>Dosya sanal yolu.</returns>
      <param name="httpRequest">HttpRequest nesnesi.</param>
    </member>
    <member name="M:Microsoft.AspNet.FriendlyUrls.HttpRequestExtensions.GetFriendlyUrlFileVirtualPath(System.Web.HttpRequestBase)">
      <summary> Kolay URL'lerin bu isteği eşleştirdiği dosyanın sanal yolunu verir. </summary>
      <returns>Dosya sanal yolu.</returns>
      <param name="httpRequest">HttpRequestBase nesnesi.</param>
    </member>
    <member name="M:Microsoft.AspNet.FriendlyUrls.HttpRequestExtensions.GetFriendlyUrlSegments(System.Web.HttpRequest)">
      <summary> Kolay URL'ler bu isteği bir dosyayla eşleştirdikten sonra kalan URL kesimlerini verir. </summary>
      <returns>URL kesimleri.</returns>
      <param name="httpRequest">HttpRequest nesnesi.</param>
    </member>
    <member name="M:Microsoft.AspNet.FriendlyUrls.HttpRequestExtensions.GetFriendlyUrlSegments(System.Web.HttpRequestBase)">
      <summary> Kolay URL'ler bu isteği bir dosyayla eşleştirdikten sonra kalan URL kesimlerini verir. </summary>
      <returns>URL kesimleri.</returns>
      <param name="httpRequest">HttpRequestBase nesnesi.</param>
    </member>
    <member name="T:Microsoft.AspNet.FriendlyUrls.PreApplicationStartCode"></member>
    <member name="M:Microsoft.AspNet.FriendlyUrls.PreApplicationStartCode.Start"></member>
    <member name="T:Microsoft.AspNet.FriendlyUrls.RedirectMode">
      <summary>Kolay URL'lere yeniden yönlendirirken kullanılacak yeniden yönlendirme modunu gösterir.</summary>
    </member>
    <member name="F:Microsoft.AspNet.FriendlyUrls.RedirectMode.Permanent">
      <summary>Kalıcı bir yeniden yönlendirme yapar (301 yanıt kodu).</summary>
    </member>
    <member name="F:Microsoft.AspNet.FriendlyUrls.RedirectMode.Temporary">
      <summary>Geçici bir yeniden yönlendirme yapar (302 yanıt kodu).</summary>
    </member>
    <member name="F:Microsoft.AspNet.FriendlyUrls.RedirectMode.Off">
      <summary>Otomatik yeniden yönlendirme yapmaz (devre dışı).</summary>
    </member>
    <member name="T:Microsoft.AspNet.FriendlyUrls.ResolverCachingMode"></member>
    <member name="F:Microsoft.AspNet.FriendlyUrls.ResolverCachingMode.Static">
      <summary />
    </member>
    <member name="F:Microsoft.AspNet.FriendlyUrls.ResolverCachingMode.Dynamic">
      <summary />
    </member>
    <member name="F:Microsoft.AspNet.FriendlyUrls.ResolverCachingMode.Disabled">
      <summary />
    </member>
    <member name="T:Microsoft.AspNet.FriendlyUrls.RouteCollectionExtensions"></member>
    <member name="M:Microsoft.AspNet.FriendlyUrls.RouteCollectionExtensions.EnableFriendlyUrls(System.Web.Routing.RouteCollection)">
      <summary> Web Formları sayfaları için kolay URL'leri etkinleştirir. </summary>
      <param name="routes">Rota koleksiyonu.</param>
    </member>
    <member name="M:Microsoft.AspNet.FriendlyUrls.RouteCollectionExtensions.EnableFriendlyUrls(System.Web.Routing.RouteCollection,Microsoft.AspNet.FriendlyUrls.FriendlyUrlSettings)">
      <summary>Web Formları sayfaları için kolay URL'leri etkinleştirir.</summary>
      <param name="routes">Rota koleksiyonu.</param>
      <param name="settings">Kolay Url'ler etkinleştirilirken kullanılacak ayarlar.</param>
    </member>
    <member name="M:Microsoft.AspNet.FriendlyUrls.RouteCollectionExtensions.EnableFriendlyUrls(System.Web.Routing.RouteCollection,Microsoft.AspNet.FriendlyUrls.FriendlyUrlSettings,Microsoft.AspNet.FriendlyUrls.Resolvers.IFriendlyUrlResolver[])">
      <summary> İletilmiş çözümleyicileri kullanarak kolay URL'leri etkinleştirir. </summary>
      <param name="routes">Rota koleksiyonu.</param>
      <param name="settings">Kolay Url'ler etkinleştirilirken kullanılacak ayarlar.</param>
      <param name="resolvers">Kullanılacak kolay URL çözümleyicileri.</param>
    </member>
    <member name="M:Microsoft.AspNet.FriendlyUrls.RouteCollectionExtensions.EnableFriendlyUrls(System.Web.Routing.RouteCollection,Microsoft.AspNet.FriendlyUrls.Resolvers.IFriendlyUrlResolver[])">
      <summary> Belirtilen çözümleyicileri kullanarak kolay URL'leri etkinleştirir. </summary>
      <param name="routes">Rota koleksiyonu.</param>
      <param name="resolvers">Kullanılacak kolay URL çözümleyicileri.</param>
    </member>
    <member name="T:Microsoft.AspNet.FriendlyUrls.Resolvers.FriendlyUrlResolver">
      <summary>Kolay URL'yi bir HTTP işleyicisine çözümler.</summary>
    </member>
    <member name="M:Microsoft.AspNet.FriendlyUrls.Resolvers.FriendlyUrlResolver.#ctor(System.String)">
      <summary>Sağlanan uzantı için bir FriendlyUrlResolver oluşturur.</summary>
      <param name="fileExtension">Bu çözümleyicinin anladığı fiziksel dosya uzantısı. Başında nokta bulunmalıdır (örneğin, ".aspx").</param>
    </member>
    <member name="M:Microsoft.AspNet.FriendlyUrls.Resolvers.FriendlyUrlResolver.ConvertToFriendlyUrl(System.String)">
      <summary>Tipik bir uzantılı URL'yi uzantısız kolay URL'ye dönüştürür.</summary>
      <returns>Bu çözümleyici uzantısız URL'leri sağlanan uzantıya sahip fiziksel dosyalara otomatik olarak çözümleyebiliyorsa kolay URL (uzantı çıkarılmış olarak) Aksi takdirde, null.</returns>
      <param name="path">Dosya uzantısı dahil, orijinal yol.</param>
    </member>
    <member name="M:Microsoft.AspNet.FriendlyUrls.Resolvers.FriendlyUrlResolver.GetExtensions(System.Web.HttpContextBase)">
      <summary>Kolay URL'den bir HTTP işleyicisini çözümlemeye çalışırken kullanılacak uzantıları alır (örneğin, .aspx, .ashx, .mobile.aspx)</summary>
      <returns>Uzantı listesi.</returns>
      <param name="httpContext">Geçerli HttpContext.</param>
    </member>
    <member name="M:Microsoft.AspNet.FriendlyUrls.Resolvers.FriendlyUrlResolver.PreprocessRequest(System.Web.HttpContextBase,System.Web.IHttpHandler)"></member>
    <member name="T:Microsoft.AspNet.FriendlyUrls.Resolvers.GenericHandlerFriendlyUrlResolver">
      <summary>Kolay URL'leri Genel İşleyicilere (yani *.ashx) çözümler.</summary>
    </member>
    <member name="M:Microsoft.AspNet.FriendlyUrls.Resolvers.GenericHandlerFriendlyUrlResolver.#ctor"></member>
    <member name="T:Microsoft.AspNet.FriendlyUrls.Resolvers.IFriendlyUrlResolver"></member>
    <member name="M:Microsoft.AspNet.FriendlyUrls.Resolvers.IFriendlyUrlResolver.ConvertToFriendlyUrl(System.String)"></member>
    <member name="M:Microsoft.AspNet.FriendlyUrls.Resolvers.IFriendlyUrlResolver.GetExtensions(System.Web.HttpContextBase)"></member>
    <member name="M:Microsoft.AspNet.FriendlyUrls.Resolvers.IFriendlyUrlResolver.PreprocessRequest(System.Web.HttpContextBase,System.Web.IHttpHandler)"></member>
    <member name="T:Microsoft.AspNet.FriendlyUrls.Resolvers.WebFormsFriendlyUrlResolver">
      <summary>Kolay URL'leri Web Formları sayfalarına çözümler.</summary>
    </member>
    <member name="M:Microsoft.AspNet.FriendlyUrls.Resolvers.WebFormsFriendlyUrlResolver.#ctor"></member>
    <member name="M:Microsoft.AspNet.FriendlyUrls.Resolvers.WebFormsFriendlyUrlResolver.GetExtensions(System.Web.HttpContextBase)">
      <returns>
        <see cref="T:System.Collections.Generic.IList`1" /> döndürür.</returns>
    </member>
    <member name="M:Microsoft.AspNet.FriendlyUrls.Resolvers.WebFormsFriendlyUrlResolver.IsMobileExtension(System.Web.HttpContextBase,System.String)">
      <returns>
        <see cref="T:System.Boolean" /> döndürür.</returns>
    </member>
    <member name="M:Microsoft.AspNet.FriendlyUrls.Resolvers.WebFormsFriendlyUrlResolver.IsMobileView(System.Web.HttpContextBase)">
      <summary>Geçerli kolay URL'nin istemci tarayıcısına ve/veya geçersiz kılmalara göre bir mobil görünüme çözümlenip çözümlenmediğini belirler.</summary>
      <returns>Geçerli görünümün mobil bir görünüm olup olmadığı.</returns>
      <param name="httpContext">Sayfa.</param>
    </member>
    <member name="M:Microsoft.AspNet.FriendlyUrls.Resolvers.WebFormsFriendlyUrlResolver.PreprocessRequest(System.Web.HttpContextBase,System.Web.IHttpHandler)"></member>
    <member name="M:Microsoft.AspNet.FriendlyUrls.Resolvers.WebFormsFriendlyUrlResolver.TrySetMasterPageFile(System.Web.UI.Page,System.String)">
      <summary>Ana sayfanın var olup olmamasına bağlı olarak, belirtilen sayfa için MasterPageFile özelliğini ayarlamaya çalışır.</summary>
      <returns>Ana sayfanın ayarlanıp ayarlanmadığını gösteren bir Boolean değeri.</returns>
      <param name="page">Sayfa.</param>
      <param name="masterPageFile">Ana sayfa dosya sanal yolu.</param>
    </member>
    <member name="M:Microsoft.AspNet.FriendlyUrls.Resolvers.WebFormsFriendlyUrlResolver.TrySetMobileMasterPage(System.Web.HttpContextBase,System.Web.UI.Page,System.String)">
      <summary>Belirtilen sayfa için MasterPageFile özelliğini mobile özgü bir ana sayfaya ayarlamaya çalışır.</summary>
      <returns>Ana sayfanın ayarlanıp ayarlanmadığını gösteren bir Boolean değeri.</returns>
      <param name="httpContext">HTTP bağlamı.</param>
      <param name="page">Sayfa.</param>
    </member>
    <member name="F:Microsoft.AspNet.FriendlyUrls.Resolvers.WebFormsFriendlyUrlResolver.ViewSwitcherCookieName"></member>
  </members>
</doc>